arm,rho,jump_coupling,diffusive_corr,jump_corr
vary_rho,0.0,0.6666666666666666,0.00032693434508552447,0.2339180279292374
vary_rho,0.25,0.6666666666666666,0.24458434601554038,0.2310030783166889
vary_rho,0.5,0.6666666666666666,0.4846928468325027,0.24362337908420043
vary_rho,0.75,0.6666666666666666,0.7240662858918491,0.2896076670040877
vary_rho,1.0,0.6666666666666666,0.9757359910016079,0.4939984900634304
vary_jump_coupling,0.5,0.2,0.4786878418822379,0.10436463588535347
vary_jump_coupling,0.5,0.35,0.4774162687481446,0.1325526187032768
vary_jump_coupling,0.5,0.5,0.4756804088481784,0.1889636736302695
vary_jump_coupling,0.5,0.65,0.4846242698274592,0.24701615739672958
vary_jump_coupling,0.5,0.8,0.47589500150717284,0.28745423228725403
