condition,jump_std,rho,alpha,baseline_corr
baseline_jumps,0.05,0.0,0.4732292890548706,0.015738062661034558
baseline_jumps,0.05,0.3,0.592903733253479,0.2612071522424867
baseline_jumps,0.05,0.5,0.6913155317306519,0.4270237672642087
baseline_jumps,0.05,0.7,0.7749089598655701,0.5924953215685055
baseline_jumps,0.05,1.0,0.8551755547523499,0.838476760445483
high_jump_noise,0.15,0.0,0.40218356251716614,0.010750228418823716
high_jump_noise,0.15,0.3,0.49677494168281555,0.12024309193010653
high_jump_noise,0.15,0.5,0.5820875763893127,0.19490727231808455
high_jump_noise,0.15,0.7,0.6339991092681885,0.26969262751319834
high_jump_noise,0.15,1.0,0.6982014775276184,0.38146952587648414
