sample_size,n_paths,n_steps,rho,alpha,baseline_corr
small,5,50,0.0,0.4093603789806366,0.009032917067543802
small,5,50,0.3,0.38847053050994873,0.261551818831162
small,5,50,0.5,0.4555721580982208,0.43641862717794044
small,5,50,0.7,0.5371278524398804,0.6109951116751533
small,5,50,1.0,0.8661911487579346,0.8677697510844473
medium,30,300,0.0,0.4732292890548706,0.015738062661034558
medium,30,300,0.3,0.592903733253479,0.2612071522424867
medium,30,300,0.5,0.6913155317306519,0.4270237672642087
medium,30,300,0.7,0.7749089598655701,0.5924953215685055
medium,30,300,1.0,0.8551755547523499,0.838476760445483
large,50,500,0.0,0.4633755385875702,0.016589072208809917
large,50,500,0.3,0.6110193133354187,0.2643351194108577
large,50,500,0.5,0.7027576565742493,0.4291060917961315
large,50,500,0.7,0.7736174464225769,0.5933998876189597
large,50,500,1.0,0.8563532829284668,0.8388057967107891
